,event_type,page,pb,pl,pr,pt,slug,tb,timestamp,tl,tr,tt,type,x,y
0,3.0,1,1071.0,723,1180,389.0,growing-my-sunflower,179,0.0,643,1260,114,SampleFixation,953.5508286399681,161.91239495434567
1,,1,1071.0,723,1180,389.0,growing-my-sunflower,179,0.0,643,1260,114,SampleGaze,951.0229681889872,169.42149724478497
2,3.0,1,1071.0,723,1180,389.0,growing-my-sunflower,179,31.403969325008802,643,1260,114,SampleFixation,959.7776380818269,165.7021339960477
3,,1,1071.0,723,1180,389.0,growing-my-sunflower,179,31.403969325008802,643,1260,114,SampleGaze,959.3367864793781,170.31210272940112
4,,1,1071.0,723,1180,389.0,growing-my-sunflower,179,63.48456980404444,643,1260,114,SampleGaze,971.7923085781304,173.02425077287106
5,3.0,1,1071.0,723,1180,389.0,growing-my-sunflower,179,63.48456980404444,643,1260,114,SampleFixation,964.1766130685623,167.32075739595126
6,3.0,1,1071.0,723,1180,389.0,growing-my-sunflower,179,94.79287242749706,643,1260,114,SampleFixation,959.1641377167373,165.99029109885012
7,,1,1071.0,723,1180,389.0,growing-my-sunflower,179,94.79287242749706,643,1260,114,SampleGaze,960.7839174255879,167.98696152650643
8,,1,1071.0,723,1180,389.0,growing-my-sunflower,179,126.78660314297304,643,1260,114,SampleGaze,957.4462043855539,168.44648315153464
9,3.0,1,1071.0,723,1180,389.0,growing-my-sunflower,179,126.78660314297304,643,1260,114,SampleFixation,964.0372087619597,170.76954942050125
13,2.0,2,886.0,659,1243,14.0,growing-my-sunflower,946,126.78660314297304,675,1228,887,SampleFixation,973.783350852405,180.32806606380325
10,,1,1071.0,723,1180,389.0,growing-my-sunflower,179,158.8173543062294,643,1260,114,SampleGaze,965.6219421959375,227.8948330562197
11,,1,1071.0,723,1180,389.0,growing-my-sunflower,179,189.90023539133836,643,1260,114,SampleGaze,982.7886238601737,365.6743229723395
14,1.0,2,886.0,659,1243,14.0,growing-my-sunflower,946,189.90023539133836,675,1228,887,SampleFixation,984.5187344006564,398.36914286778074
12,,2,886.0,659,1243,14.0,growing-my-sunflower,946,221.16382024623454,675,1228,887,SampleGaze,986.2280267194036,406.00507481698855
15,,2,886.0,659,1243,14.0,growing-my-sunflower,946,252.52710373268928,675,1228,887,SampleGaze,984.6659449269278,400.77884280656906
16,,2,886.0,659,1243,14.0,growing-my-sunflower,946,283.80498361203354,675,1228,887,SampleGaze,979.9081120400122,395.8313620815042
17,3.0,2,886.0,659,1243,14.0,growing-my-sunflower,946,283.80498361203354,675,1228,887,SampleFixation,982.9197078599635,397.57738329742335
18,3.0,2,886.0,659,1243,14.0,growing-my-sunflower,946,314.8449796240311,675,1228,887,SampleFixation,981.3424183586106,405.97018416440915
19,,2,886.0,659,1243,14.0,growing-my-sunflower,946,314.8449796240311,675,1228,887,SampleGaze,979.3056470348164,405.9931054766042
20,3.0,2,886.0,659,1243,14.0,growing-my-sunflower,946,345.7992054898059,675,1228,887,SampleFixation,977.11732847185,405.6660842685938
21,,2,886.0,659,1243,14.0,growing-my-sunflower,946,345.7992054898059,675,1228,887,SampleGaze,970.3821755122127,406.53017878828143
22,3.0,2,886.0,659,1243,14.0,growing-my-sunflower,946,377.7291584042832,675,1228,887,SampleFixation,975.6563574027033,408.3696875492828
23,,2,886.0,659,1243,14.0,growing-my-sunflower,946,377.7291584042832,675,1228,887,SampleGaze,970.4950752708056,408.7241326291543
24,,2,886.0,659,1243,14.0,growing-my-sunflower,946,409.5352211073041,675,1228,887,SampleGaze,970.2506515651725,400.73056177603803
25,3.0,2,886.0,659,1243,14.0,growing-my-sunflower,946,409.5352211073041,675,1228,887,SampleFixation,974.6955548088974,399.5020547402896
26,3.0,2,886.0,659,1243,14.0,growing-my-sunflower,946,440.7947740323143,675,1228,887,SampleFixation,977.6251507840354,402.01465635990957
27,,2,886.0,659,1243,14.0,growing-my-sunflower,946,440.7947740323143,675,1228,887,SampleGaze,979.4707721223056,400.45083013918287
28,,2,886.0,659,1243,14.0,growing-my-sunflower,946,472.7976682248991,675,1228,887,SampleGaze,979.0517962547133,379.6868042754042
29,3.0,2,886.0,659,1243,14.0,growing-my-sunflower,946,472.7976682248991,675,1228,887,SampleFixation,980.7526715369436,383.3253645136915
33,2.0,2,886.0,659,1243,14.0,growing-my-sunflower,946,472.7976682248991,675,1228,887,SampleFixation,987.0077130427595,345.9467808212558
30,,2,886.0,659,1243,14.0,growing-my-sunflower,946,504.2210641215788,675,1228,887,SampleGaze,986.1190057620609,361.3564196491794
31,,2,886.0,659,1243,14.0,growing-my-sunflower,946,536.8353455107426,675,1228,887,SampleGaze,877.0975418393917,920.7823293096059
32,,2,886.0,659,1243,14.0,growing-my-sunflower,946,568.9676280008862,675,1228,887,SampleGaze,876.2232922228225,952.7152028456659
35,1.0,2,886.0,659,1243,14.0,growing-my-sunflower,946,568.9676280008862,675,1228,887,SampleFixation,885.7495619719199,941.0709943959099
34,,2,886.0,659,1243,14.0,growing-my-sunflower,946,600.9569602473639,675,1228,887,SampleGaze,881.0110481333553,933.9563039615476
36,,2,886.0,659,1243,14.0,growing-my-sunflower,946,633.3854063195176,675,1228,887,SampleGaze,888.4102476241891,943.9170350947419
37,,2,886.0,659,1243,14.0,growing-my-sunflower,946,665.909519093344,675,1228,887,SampleGaze,881.6797809642452,938.8757354334375
38,3.0,2,886.0,659,1243,14.0,growing-my-sunflower,946,665.909519093344,675,1228,887,SampleFixation,881.7148764140063,940.9035295409566
39,3.0,2,886.0,659,1243,14.0,growing-my-sunflower,946,697.8545001102611,675,1228,887,SampleFixation,870.913513115003,938.6528643391185
40,,2,886.0,659,1243,14.0,growing-my-sunflower,946,697.8545001102611,675,1228,887,SampleGaze,867.8189050441952,937.0248208999335
41,3.0,2,886.0,659,1243,14.0,growing-my-sunflower,946,729.9823841315228,675,1228,887,SampleFixation,860.2022502348963,933.622192182951
42,,2,886.0,659,1243,14.0,growing-my-sunflower,946,729.9823841315228,675,1228,887,SampleGaze,848.1491423215961,929.1031803384283
43,3.0,2,886.0,659,1243,14.0,growing-my-sunflower,946,761.6902143593179,675,1228,887,SampleFixation,853.2548117474284,936.2984894782776
44,,2,886.0,659,1243,14.0,growing-my-sunflower,946,761.6902143593179,675,1228,887,SampleGaze,840.0639470187544,937.6953131716473
50,2.0,2,886.0,659,1243,14.0,growing-my-sunflower,946,793.5105720869033,675,1228,887,SampleFixation,826.6160343105233,943.3578933481492
46,3.0,2,886.0,659,1243,14.0,growing-my-sunflower,946,793.5105720869033,675,1228,887,SampleFixation,844.3752192684601,938.6516241015681
45,,2,886.0,659,1243,14.0,growing-my-sunflower,946,793.5105720869033,675,1228,887,SampleGaze,832.8715543575933,937.6702231662009
47,,2,886.0,659,1243,14.0,growing-my-sunflower,946,825.9104281102773,675,1228,887,SampleGaze,831.6860748338376,942.6788553850836
48,,2,886.0,659,1243,14.0,growing-my-sunflower,946,857.7128254225245,675,1228,887,SampleGaze,1121.1261019678461,949.0145716112171
49,,2,886.0,659,1243,14.0,growing-my-sunflower,946,890.1837900287937,675,1228,887,SampleGaze,1131.4913164063903,952.1253302423415
53,1.0,2,886.0,659,1243,14.0,growing-my-sunflower,946,890.1837900287937,675,1228,887,SampleFixation,1141.338139077143,964.8620026533642
51,,2,886.0,659,1243,14.0,growing-my-sunflower,946,922.355292201275,675,1228,887,SampleGaze,1140.99002699146,961.3731651458949
52,,2,886.0,659,1243,14.0,growing-my-sunflower,946,954.5135989666451,675,1228,887,SampleGaze,1141.272506647503,968.22889831418
54,3.0,2,886.0,659,1243,14.0,growing-my-sunflower,946,987.2220809010323,675,1228,887,SampleFixation,1140.9336500490683,964.0467354233732
55,,2,886.0,659,1243,14.0,growing-my-sunflower,946,987.2220809010323,675,1228,887,SampleGaze,1139.7845619637976,961.7549362838181
56,3.0,2,886.0,659,1243,14.0,growing-my-sunflower,946,1018.9134168700548,675,1228,887,SampleFixation,1140.7951275217304,961.4695650741837
57,,2,886.0,659,1243,14.0,growing-my-sunflower,946,1018.9134168700548,675,1228,887,SampleGaze,1140.3845667096389,960.1985031744183
58,3.0,2,886.0,659,1243,14.0,growing-my-sunflower,946,1050.6912560634082,675,1228,887,SampleFixation,1152.4951527602527,957.4314398470428
59,,2,886.0,659,1243,14.0,growing-my-sunflower,946,1050.6912560634082,675,1228,887,SampleGaze,1149.942773281371,956.0239930117598
60,,2,886.0,659,1243,14.0,growing-my-sunflower,946,1082.764892299776,675,1228,887,SampleGaze,1180.3295227806332,963.4436893466338
61,3.0,2,886.0,659,1243,14.0,growing-my-sunflower,946,1082.764892299776,675,1228,887,SampleFixation,1162.429656753108,959.7844274731668
63,3.0,2,886.0,659,1243,14.0,growing-my-sunflower,946,1114.6482947501354,675,1228,887,SampleFixation,1168.6295454417675,959.5426081940878
62,,2,886.0,659,1243,14.0,growing-my-sunflower,946,1114.6482947501354,675,1228,887,SampleGaze,1181.8141247178785,962.8921215061554
64,3.0,2,886.0,659,1243,14.0,growing-my-sunflower,946,1146.8553512140643,675,1228,887,SampleFixation,1171.76838751831,957.0652448025277
65,,2,886.0,659,1243,14.0,growing-my-sunflower,946,1146.8553512140643,675,1228,887,SampleGaze,1178.857560023501,954.1275256166908
69,2.0,3,776.97,516,1388,122.97000000000003,growing-my-sunflower,946,1146.8553512140643,571,1332,887,SampleFixation,1178.046071671395,952.1105180194074
66,,3,776.97,516,1388,122.97000000000003,growing-my-sunflower,946,1178.993131790543,571,1332,887,SampleGaze,1179.0791943621534,954.5168199615752
67,,3,776.97,516,1388,122.97000000000003,growing-my-sunflower,946,1211.021683719242,571,1332,887,SampleGaze,836.26755859476,902.7588545150537
68,,3,776.97,516,1388,122.97000000000003,growing-my-sunflower,946,1242.9761947524967,571,1332,887,SampleGaze,815.4174367447577,884.8864507384264
72,1.0,3,776.97,516,1388,122.97000000000003,growing-my-sunflower,946,1242.9761947524967,571,1332,887,SampleFixation,818.3226514121602,877.6904947347297
70,,3,776.97,516,1388,122.97000000000003,growing-my-sunflower,946,1275.2092754915357,571,1332,887,SampleGaze,822.265218554826,878.7648742813489
71,,3,776.97,516,1388,122.97000000000003,growing-my-sunflower,946,1315.9632903774036,571,1332,887,SampleGaze,814.1795877992445,873.8030139733368
73,3.0,3,776.97,516,1388,122.97000000000003,growing-my-sunflower,946,1376.3982549806824,571,1332,887,SampleFixation,818.4708607956559,878.4942956060113
74,,3,776.97,516,1388,122.97000000000003,growing-my-sunflower,946,1376.3982549806824,571,1332,887,SampleGaze,818.0671009825269,881.9417756774111
80,2.0,3,776.97,516,1388,122.97000000000003,growing-my-sunflower,946,1376.3982549806824,571,1332,887,SampleFixation,818.7672795626473,880.1018973485744
75,,3,776.97,516,1388,122.97000000000003,growing-my-sunflower,946,1488.2040391140617,571,1332,887,SampleGaze,823.5411460570301,831.2634843536017
76,,3,776.97,516,1388,122.97000000000003,growing-my-sunflower,946,1604.4775681743631,571,1332,887,SampleGaze,813.224047361856,872.7292562647403
77,,3,776.97,516,1388,122.97000000000003,growing-my-sunflower,946,1681.9873895891942,571,1332,887,SampleGaze,855.5514740686484,550.0106704451699
78,,3,776.97,516,1388,122.97000000000003,growing-my-sunflower,946,1728.9718358695973,571,1332,887,SampleGaze,869.8771005807519,464.36467099296203
83,1.0,3,776.97,516,1388,122.97000000000003,growing-my-sunflower,946,1761.9094047332183,571,1332,887,SampleFixation,779.1339024906364,894.8839359733225
79,,3,776.97,516,1388,122.97000000000003,growing-my-sunflower,946,1761.9094047332183,571,1332,887,SampleGaze,787.4502854246034,886.7062797367998
81,,3,776.97,516,1388,122.97000000000003,growing-my-sunflower,946,1793.0362705087755,571,1332,887,SampleGaze,764.3471865395815,912.012869094434
82,,3,776.97,516,1388,122.97000000000003,growing-my-sunflower,946,1824.9339679834666,571,1332,887,SampleGaze,774.5316743739578,899.517551333295
84,3.0,3,776.97,516,1388,122.97000000000003,growing-my-sunflower,946,1855.7643036380177,571,1332,887,SampleFixation,778.2397194034636,897.8331578064968
85,,3,776.97,516,1388,122.97000000000003,growing-my-sunflower,946,1855.7643036380177,571,1332,887,SampleGaze,778.4723483687349,899.8015196741657
86,,3,776.97,516,1388,122.97000000000003,growing-my-sunflower,946,1888.8008380549727,571,1332,887,SampleGaze,782.6528621305058,892.5656157775045
87,3.0,3,776.97,516,1388,122.97000000000003,growing-my-sunflower,946,1888.8008380549727,571,1332,887,SampleFixation,781.3122081419132,893.258981253995
91,2.0,3,776.97,516,1388,122.97000000000003,growing-my-sunflower,946,1888.8008380549727,571,1332,887,SampleFixation,787.4571856188126,884.1106281489914
88,,3,776.97,516,1388,122.97000000000003,growing-my-sunflower,946,1919.8463321533054,571,1332,887,SampleGaze,806.8355078786468,906.5441363937992
89,,3,776.97,516,1388,122.97000000000003,growing-my-sunflower,946,1952.0079377704533,571,1332,887,SampleGaze,902.9582442771027,939.7427041105325
94,1.0,3,776.97,516,1388,122.97000000000003,growing-my-sunflower,946,1984.15634798049,571,1332,887,SampleFixation,1040.9819983121702,937.3554154450521
90,,3,776.97,516,1388,122.97000000000003,growing-my-sunflower,946,1984.15634798049,571,1332,887,SampleGaze,932.1009753123152,939.1506134598989
92,,3,776.97,516,1388,122.97000000000003,growing-my-sunflower,946,2016.4946254373062,571,1332,887,SampleGaze,1042.2625288742618,935.1814426834125
99,2.0,3,776.97,516,1388,122.97000000000003,growing-my-sunflower,946,2048.657697210787,571,1332,887,SampleFixation,1038.450497252034,941.788141839741
93,,3,776.97,516,1388,122.97000000000003,growing-my-sunflower,946,2048.657697210787,571,1332,887,SampleGaze,1040.943392209025,937.5255861234615
95,,3,776.97,516,1388,122.97000000000003,growing-my-sunflower,946,2080.4370025605895,571,1332,887,SampleGaze,1037.6257666947577,940.8409376603441
96,,3,776.97,516,1388,122.97000000000003,growing-my-sunflower,946,2112.542894236627,571,1332,887,SampleGaze,1244.7700290490054,962.5672596598735
97,,3,776.97,516,1388,122.97000000000003,growing-my-sunflower,946,2144.1825481943088,571,1332,887,SampleGaze,1249.1416929736529,962.1809220498643
101,1.0,3,776.97,516,1388,122.97000000000003,growing-my-sunflower,946,2144.1825481943088,571,1332,887,SampleFixation,1261.6220123838482,954.5885423775903
98,,3,776.97,516,1388,122.97000000000003,growing-my-sunflower,946,2176.1553861818975,571,1332,887,SampleGaze,1272.0871233335236,948.2069555038837
100,,3,776.97,516,1388,122.97000000000003,growing-my-sunflower,946,2208.10329951148,571,1332,887,SampleGaze,1271.5168534306013,948.3764122062975
102,3.0,3,776.97,516,1388,122.97000000000003,growing-my-sunflower,946,2239.7172957332805,571,1332,887,SampleFixation,1263.6112203313685,954.5834599508559
103,,3,776.97,516,1388,122.97000000000003,growing-my-sunflower,946,2239.7172957332805,571,1332,887,SampleGaze,1268.1132069294774,952.6890725476483
104,3.0,3,776.97,516,1388,122.97000000000003,growing-my-sunflower,946,2271.3950697560795,571,1332,887,SampleFixation,1259.1315238282693,958.2014550731543
105,,3,776.97,516,1388,122.97000000000003,growing-my-sunflower,946,2271.3950697560795,571,1332,887,SampleGaze,1257.4136621036698,960.5959846905052
106,,3,776.97,516,1388,122.97000000000003,growing-my-sunflower,946,2302.8892076964257,571,1332,887,SampleGaze,1258.41152695777,961.1174496712285
107,3.0,3,776.97,516,1388,122.97000000000003,growing-my-sunflower,946,2302.8892076964257,571,1332,887,SampleFixation,1256.9950077826122,960.9390268226588
114,2.0,3,776.97,516,1388,122.97000000000003,growing-my-sunflower,946,2334.642122232006,571,1332,887,SampleFixation,1268.8790882858043,959.0340639607091
108,,3,776.97,516,1388,122.97000000000003,growing-my-sunflower,946,2334.642122232006,571,1332,887,SampleGaze,1266.118245455966,960.1521891656066
109,3.0,3,776.97,516,1388,122.97000000000003,growing-my-sunflower,946,2334.642122232006,571,1332,887,SampleFixation,1260.9563679503428,960.3040392020089
110,,3,776.97,516,1388,122.97000000000003,growing-my-sunflower,946,2366.2506203673547,571,1332,887,SampleGaze,1263.931592355252,961.2939384261689
111,,3,776.97,516,1388,122.97000000000003,growing-my-sunflower,946,2399.013716625632,571,1332,887,SampleGaze,1196.1258155110943,390.087465966991
112,,3,776.97,516,1388,122.97000000000003,growing-my-sunflower,946,2431.135736021446,571,1332,887,SampleGaze,1194.1105968642055,360.7905583134326
115,1.0,3,776.97,516,1388,122.97000000000003,growing-my-sunflower,946,2431.135736021446,571,1332,887,SampleFixation,1192.1733985384058,344.6667166276362
113,,3,776.97,516,1388,122.97000000000003,growing-my-sunflower,946,2463.548054373823,571,1332,887,SampleGaze,1187.2023290043014,347.7087233328869
116,,3,776.97,516,1388,122.97000000000003,growing-my-sunflower,946,2495.4879038435174,571,1332,887,SampleGaze,1192.1952328360899,334.1010278013852
118,,3,776.97,516,1388,122.97000000000003,growing-my-sunflower,946,2527.5131569204386,571,1332,887,SampleGaze,1194.2843657663782,333.012143703524
117,3.0,3,776.97,516,1388,122.97000000000003,growing-my-sunflower,946,2527.5131569204386,571,1332,887,SampleFixation,1195.4808137819389,340.8792987691214
120,,3,776.97,516,1388,122.97000000000003,growing-my-sunflower,946,2559.1355835412396,571,1332,887,SampleGaze,1192.2534533806556,338.70086154019043
127,2.0,4,886.0,659,1243,14.0,growing-my-sunflower,946,2559.1355835412396,695,1208,887,SampleFixation,1183.1242349227498,355.8415177020289
119,3.0,3,776.97,516,1388,122.97000000000003,growing-my-sunflower,946,2559.1355835412396,571,1332,887,SampleFixation,1191.3619541622093,345.8667050800906
121,,3,776.97,516,1388,122.97000000000003,growing-my-sunflower,946,2591.0563729783753,571,1332,887,SampleGaze,1187.7173752883102,350.3851041302084
122,,3,776.97,516,1388,122.97000000000003,growing-my-sunflower,946,2622.7011584833963,571,1332,887,SampleGaze,957.5495178085342,389.9112565256269
123,,3,776.97,516,1388,122.97000000000003,growing-my-sunflower,946,2654.387729444308,571,1332,887,SampleGaze,914.0972478003798,334.1884654646545
124,,3,776.97,516,1388,122.97000000000003,growing-my-sunflower,946,2686.1325801198836,571,1332,887,SampleGaze,917.910211522782,375.94375932774835
125,,4,886.0,659,1243,14.0,growing-my-sunflower,946,2717.3848022631137,695,1208,887,SampleGaze,919.4225172123085,373.6777891430888
129,1.0,4,886.0,659,1243,14.0,growing-my-sunflower,946,2717.3848022631137,695,1208,887,SampleFixation,917.7944084667902,389.814511542224
126,,4,886.0,659,1243,14.0,growing-my-sunflower,946,2749.0644089813577,695,1208,887,SampleGaze,915.865051787051,392.7440517450474
128,,4,886.0,659,1243,14.0,growing-my-sunflower,946,2781.287226625951,695,1208,887,SampleGaze,918.8470099645924,385.6945775133949
130,,4,886.0,659,1243,14.0,growing-my-sunflower,946,2812.610923891072,695,1208,887,SampleGaze,920.1454744982591,375.1014080040837
131,,4,886.0,659,1243,14.0,growing-my-sunflower,946,2844.5559049079893,695,1208,887,SampleGaze,918.0330361970687,337.641358284265
132,3.0,4,886.0,659,1243,14.0,growing-my-sunflower,946,2844.5559049079893,695,1208,887,SampleFixation,917.3247170313184,367.9691523951153
133,,4,886.0,659,1243,14.0,growing-my-sunflower,946,2876.5569664052455,695,1208,887,SampleGaze,920.990368923524,351.18854142733744
134,,4,886.0,659,1243,14.0,growing-my-sunflower,946,2908.5950483501656,695,1208,887,SampleGaze,921.2962225381082,381.58395683774864
135,,4,886.0,659,1243,14.0,growing-my-sunflower,946,2940.4740523315268,695,1208,887,SampleGaze,915.9062722554114,329.88726474698126
136,,4,886.0,659,1243,14.0,growing-my-sunflower,946,2972.8038993893424,695,1208,887,SampleGaze,917.589874410806,339.4263575603749
137,,4,886.0,659,1243,14.0,growing-my-sunflower,946,3005.006557384273,695,1208,887,SampleGaze,922.8778668522859,348.87846420174833
138,3.0,4,886.0,659,1243,14.0,growing-my-sunflower,946,3005.006557384273,695,1208,887,SampleFixation,923.2992370907743,372.7332864886418
139,3.0,4,886.0,659,1243,14.0,growing-my-sunflower,946,3036.9464068539673,695,1208,887,SampleFixation,917.4370979024402,355.7686614213238
140,,4,886.0,659,1243,14.0,growing-my-sunflower,946,3036.9464068539673,695,1208,887,SampleGaze,908.7001938190957,329.46219334055866
141,,4,886.0,659,1243,14.0,growing-my-sunflower,946,3070.3212568478193,695,1208,887,SampleGaze,918.1938454895804,307.99051506503577
143,3.0,4,886.0,659,1243,14.0,growing-my-sunflower,946,3102.416518890299,695,1208,887,SampleFixation,943.0173689989861,307.799152149471
142,,4,886.0,659,1243,14.0,growing-my-sunflower,946,3102.416518890299,695,1208,887,SampleGaze,952.1862952370666,259.8932436958723
144,3.0,4,886.0,659,1243,14.0,growing-my-sunflower,946,3134.67232505267,695,1208,887,SampleFixation,956.5482357837104,276.42131395551803
145,,4,886.0,659,1243,14.0,growing-my-sunflower,946,3134.67232505267,695,1208,887,SampleGaze,989.8142286592972,211.45534587446738
146,,4,886.0,659,1243,14.0,growing-my-sunflower,946,3166.376856428804,695,1208,887,SampleGaze,992.7944135160142,199.4399444471701
147,3.0,4,886.0,659,1243,14.0,growing-my-sunflower,946,3166.376856428804,695,1208,887,SampleFixation,969.4086925532404,232.13686885635897
148,3.0,4,886.0,659,1243,14.0,growing-my-sunflower,946,3199.1843039166415,695,1208,887,SampleFixation,975.6277435984452,217.97891829920388
149,,4,886.0,659,1243,14.0,growing-my-sunflower,946,3199.1843039166415,695,1208,887,SampleGaze,988.5948840067746,185.97927982283807
150,3.0,4,886.0,659,1243,14.0,growing-my-sunflower,946,3231.3499414636753,695,1208,887,SampleFixation,982.870140497257,210.9983377659352
151,,4,886.0,659,1243,14.0,growing-my-sunflower,946,3231.3499414636753,695,1208,887,SampleGaze,990.7880675816884,187.42212449292916
152,,4,886.0,659,1243,14.0,growing-my-sunflower,946,3263.6856531469384,695,1208,887,SampleGaze,993.7104135506295,198.40341746898457
153,3.0,4,886.0,659,1243,14.0,growing-my-sunflower,946,3263.6856531469384,695,1208,887,SampleFixation,985.3274544590668,207.3954949526892
154,3.0,4,886.0,659,1243,14.0,growing-my-sunflower,946,3295.339602129068,695,1208,887,SampleFixation,988.8749623973318,206.43559099026461
155,,4,886.0,659,1243,14.0,growing-my-sunflower,946,3295.339602129068,695,1208,887,SampleGaze,993.9959626703991,202.25375839684688
156,3.0,4,886.0,659,1243,14.0,growing-my-sunflower,946,3327.0357031062013,695,1208,887,SampleFixation,992.9162585504089,203.7940284260991
157,,4,886.0,659,1243,14.0,growing-my-sunflower,946,3327.0357031062013,695,1208,887,SampleGaze,997.6506632653374,200.47779937355168
159,,4,886.0,659,1243,14.0,growing-my-sunflower,946,3358.8487300520064,695,1208,887,SampleGaze,997.9508873529638,201.6440887684287
158,3.0,4,886.0,659,1243,14.0,growing-my-sunflower,946,3358.8487300520064,695,1208,887,SampleFixation,992.7203121921312,204.71564271016302
160,,4,886.0,659,1243,14.0,growing-my-sunflower,946,3391.0271964671556,695,1208,887,SampleGaze,994.4644613171456,187.80582499903937
164,2.0,4,886.0,659,1243,14.0,growing-my-sunflower,946,3391.0271964671556,695,1208,887,SampleFixation,989.6677457552709,139.1189564821193
161,,4,886.0,659,1243,14.0,growing-my-sunflower,946,3423.663470201427,695,1208,887,SampleGaze,989.9551717544471,146.4043236230498
162,,4,886.0,659,1243,14.0,growing-my-sunflower,946,3456.482280400931,695,1208,887,SampleGaze,810.5900420975803,889.2814366861942
163,,4,886.0,659,1243,14.0,growing-my-sunflower,946,3490.23869758402,695,1208,887,SampleGaze,809.9090940145933,913.430256599556
166,1.0,4,886.0,659,1243,14.0,growing-my-sunflower,946,3490.23869758402,695,1208,887,SampleFixation,845.5391939622625,949.9664982632694
165,,4,886.0,659,1243,14.0,growing-my-sunflower,946,3523.2290480759693,695,1208,887,SampleGaze,840.8353807412246,951.4251627598351
167,,4,886.0,659,1243,14.0,growing-my-sunflower,946,3555.6886499705724,695,1208,887,SampleGaze,849.1821260973571,952.4834736575518
168,,4,886.0,659,1243,14.0,growing-my-sunflower,946,3587.7780473876046,695,1208,887,SampleGaze,839.4873405753996,942.5620468837035
169,3.0,4,886.0,659,1243,14.0,growing-my-sunflower,946,3587.7780473876046,695,1208,887,SampleFixation,835.7810586201199,939.5807090512506
174,2.0,4,886.0,659,1243,14.0,growing-my-sunflower,946,3620.4854297047714,695,1208,887,SampleFixation,835.5201185911038,957.7928487756259
170,,4,886.0,659,1243,14.0,growing-my-sunflower,946,3620.4854297047714,695,1208,887,SampleGaze,828.8113624152356,939.2669165375963
171,3.0,4,886.0,659,1243,14.0,growing-my-sunflower,946,3620.4854297047714,695,1208,887,SampleFixation,835.6940786104478,945.651422292709
172,,4,886.0,659,1243,14.0,growing-my-sunflower,946,3653.1975770300487,695,1208,887,SampleGaze,881.4467521686825,949.0457732477116
177,1.0,4,886.0,659,1243,14.0,growing-my-sunflower,946,3685.5692095437553,695,1208,887,SampleFixation,1057.5992648443555,945.3346056607769
173,,4,886.0,659,1243,14.0,growing-my-sunflower,946,3685.5692095437553,695,1208,887,SampleGaze,1028.3970581666115,936.0295992832057
175,,4,886.0,659,1243,14.0,growing-my-sunflower,946,3717.7700348431244,695,1208,887,SampleGaze,1052.1938730006102,946.3434459855605
176,,4,886.0,659,1243,14.0,growing-my-sunflower,946,3749.8770261363825,695,1208,887,SampleGaze,1060.0868642603173,956.2172350851947
178,,4,886.0,659,1243,14.0,growing-my-sunflower,946,3781.8300710133044,695,1208,887,SampleGaze,1053.4507937815054,927.8494380216986
179,3.0,4,886.0,659,1243,14.0,growing-my-sunflower,946,3781.8300710133044,695,1208,887,SampleFixation,1054.9965321233615,936.184455186048
180,3.0,4,886.0,659,1243,14.0,growing-my-sunflower,946,3813.8736510444432,695,1208,887,SampleFixation,1062.4960874460294,938.1474258906691
181,,4,886.0,659,1243,14.0,growing-my-sunflower,946,3813.8736510444432,695,1208,887,SampleGaze,1058.3478004732335,926.8266863945772
182,,4,886.0,659,1243,14.0,growing-my-sunflower,946,3846.001901604701,695,1208,887,SampleGaze,1055.026704815966,953.8852612905287
183,3.0,4,886.0,659,1243,14.0,growing-my-sunflower,946,3846.001901604701,695,1208,887,SampleFixation,1058.9989583331578,946.6359034830946
184,,4,886.0,659,1243,14.0,growing-my-sunflower,946,3878.848202235764,695,1208,887,SampleGaze,1057.187268086335,958.4988580022161
185,3.0,4,886.0,659,1243,14.0,growing-my-sunflower,946,3878.848202235764,695,1208,887,SampleFixation,1059.4000208286282,949.2111627560927
186,,4,886.0,659,1243,14.0,growing-my-sunflower,946,3910.377894467558,695,1208,887,SampleGaze,1074.8592151916873,965.462808673665
187,,4,886.0,659,1243,14.0,growing-my-sunflower,946,3942.4962484723656,695,1208,887,SampleGaze,1187.400755014718,933.0564055198417
189,,4,886.0,659,1243,14.0,growing-my-sunflower,946,3974.640260213404,695,1208,887,SampleGaze,1188.792174617602,933.2969010988851
188,3.0,4,886.0,659,1243,14.0,growing-my-sunflower,946,3974.640260213404,695,1208,887,SampleFixation,1099.414053108714,945.5505977872157
191,3.0,4,886.0,659,1243,14.0,growing-my-sunflower,946,4006.3077711417573,695,1208,887,SampleFixation,1123.9345361749542,949.6178655023313
190,,4,886.0,659,1243,14.0,growing-my-sunflower,946,4006.3077711417573,695,1208,887,SampleGaze,1175.1167531559915,952.4446110068584
192,3.0,4,886.0,659,1243,14.0,growing-my-sunflower,946,4037.9969078762224,695,1208,887,SampleFixation,1136.8435773709402,956.4568116972488
193,,4,886.0,659,1243,14.0,growing-my-sunflower,946,4037.9969078762224,695,1208,887,SampleGaze,1166.8263829345635,963.5790923499218
194,,4,886.0,659,1243,14.0,growing-my-sunflower,946,4069.966813551029,695,1208,887,SampleGaze,1171.170224240807,959.2482671548806
195,3.0,4,886.0,659,1243,14.0,growing-my-sunflower,946,4069.966813551029,695,1208,887,SampleFixation,1151.3245362450464,952.9756765042891
196,3.0,4,886.0,659,1243,14.0,growing-my-sunflower,946,4102.172403858625,695,1208,887,SampleFixation,1152.7251473049316,966.2472301666744
197,,4,886.0,659,1243,14.0,growing-my-sunflower,946,4102.172403858625,695,1208,887,SampleGaze,1173.3203134879473,957.8262010794762
198,3.0,4,886.0,659,1243,14.0,growing-my-sunflower,946,4133.698064160417,695,1208,887,SampleFixation,1153.9706889653783,964.3990922876885
199,,4,886.0,659,1243,14.0,growing-my-sunflower,946,4133.698064160417,695,1208,887,SampleGaze,1158.750654326683,962.2418740796282
200,3.0,4,886.0,659,1243,14.0,growing-my-sunflower,946,4165.559840804664,695,1208,887,SampleFixation,1155.169888132119,966.8686892285265
201,,4,886.0,659,1243,14.0,growing-my-sunflower,946,4165.559840804664,695,1208,887,SampleGaze,1156.5849337011898,962.7346974972709
202,,4,886.0,659,1243,14.0,growing-my-sunflower,946,4197.365536968689,695,1208,887,SampleGaze,1173.2571134223188,960.80629391879
203,3.0,4,886.0,659,1243,14.0,growing-my-sunflower,946,4197.365536968689,695,1208,887,SampleFixation,1161.8427848545289,964.5644991577126
204,,4,886.0,659,1243,14.0,growing-my-sunflower,946,4228.42422647425,695,1208,887,SampleGaze,1167.0769296239407,965.0140264396434
205,3.0,4,886.0,659,1243,14.0,growing-my-sunflower,946,4228.42422647425,695,1208,887,SampleFixation,1159.4659733660014,967.1772209157945
207,,4,886.0,659,1243,14.0,growing-my-sunflower,946,4259.696608267142,695,1208,887,SampleGaze,1163.3212353468625,963.829451606523
206,3.0,4,886.0,659,1243,14.0,growing-my-sunflower,946,4259.696608267142,695,1208,887,SampleFixation,1158.1598128954183,965.91327878709
208,3.0,4,886.0,659,1243,14.0,growing-my-sunflower,946,4290.899714172818,695,1208,887,SampleFixation,1141.476269957763,963.4305130371637
209,,4,886.0,659,1243,14.0,growing-my-sunflower,946,4290.899714172818,695,1208,887,SampleGaze,1141.2633775540492,966.2213849308401
210,3.0,4,886.0,659,1243,14.0,growing-my-sunflower,946,4322.806575124734,695,1208,887,SampleFixation,1129.6047163221267,962.2972225883117
211,,4,886.0,659,1243,14.0,growing-my-sunflower,946,4322.806575124734,695,1208,887,SampleGaze,1126.1969014466677,961.2689431062166
212,3.0,4,886.0,659,1243,14.0,growing-my-sunflower,946,4354.0173783511855,695,1208,887,SampleFixation,1123.7363692692954,960.208361036582
213,,4,886.0,659,1243,14.0,growing-my-sunflower,946,4354.0173783511855,695,1208,887,SampleGaze,1109.7094934697334,957.5184454363604
214,,4,886.0,659,1243,14.0,growing-my-sunflower,946,4385.224882725743,695,1208,887,SampleGaze,1111.9931456809336,953.1323766130372
215,3.0,4,886.0,659,1243,14.0,growing-my-sunflower,946,4385.224882725743,695,1208,887,SampleFixation,1120.0643271907943,957.5184855724951
216,,5,799.17,516,1388,101.16999999999996,growing-my-sunflower,946,4416.363477752195,893,1010,887,SampleGaze,1110.360431516715,955.9487769762227
217,3.0,5,799.17,516,1388,101.16999999999996,growing-my-sunflower,946,4416.363477752195,893,1010,887,SampleFixation,1115.61004419646,958.0558945807287
218,3.0,5,799.17,516,1388,101.16999999999996,growing-my-sunflower,946,4447.446725376416,893,1010,887,SampleFixation,1118.6831898763508,953.7733929513847
219,,5,799.17,516,1388,101.16999999999996,growing-my-sunflower,946,4447.446725376416,893,1010,887,SampleGaze,1110.2265505461214,956.0288768400035
221,3.0,5,799.17,516,1388,101.16999999999996,growing-my-sunflower,946,4478.675489018089,893,1010,887,SampleFixation,1117.7201720921014,952.1452491246049
220,,5,799.17,516,1388,101.16999999999996,growing-my-sunflower,946,4478.675489018089,893,1010,887,SampleGaze,1115.431765723673,949.7649525489761
222,3.0,5,799.17,516,1388,101.16999999999996,growing-my-sunflower,946,4509.72061657731,893,1010,887,SampleFixation,1113.0320694185202,951.3599381030284
223,,5,799.17,516,1388,101.16999999999996,growing-my-sunflower,946,4509.72061657731,893,1010,887,SampleGaze,1107.022715552273,949.4403791409138
224,,5,799.17,516,1388,101.16999999999996,growing-my-sunflower,946,4540.540689137415,893,1010,887,SampleGaze,1107.50326970571,944.3290960066699
225,3.0,5,799.17,516,1388,101.16999999999996,growing-my-sunflower,946,4540.540689137415,893,1010,887,SampleFixation,1110.7673179350552,947.7577124325003
226,3.0,5,799.17,516,1388,101.16999999999996,growing-my-sunflower,946,4573.039510714239,893,1010,887,SampleFixation,1112.8518132433023,944.9912410055886
227,,5,799.17,516,1388,101.16999999999996,growing-my-sunflower,946,4573.039510714239,893,1010,887,SampleGaze,1113.10390497141,940.9407052839438
228,3.0,5,799.17,516,1388,101.16999999999996,growing-my-sunflower,946,4604.491130120587,893,1010,887,SampleFixation,1112.4787861920051,935.6463306739024
229,,5,799.17,516,1388,101.16999999999996,growing-my-sunflower,946,4604.491130120587,893,1010,887,SampleGaze,1113.3211025881192,933.506126224582
233,2.0,5,799.17,516,1388,101.16999999999996,growing-my-sunflower,946,4604.491130120587,893,1010,887,SampleFixation,1111.732732089411,916.9565100105302
230,,5,799.17,516,1388,101.16999999999996,growing-my-sunflower,946,4636.434644981171,893,1010,887,SampleGaze,1113.0743931743798,922.6655424900778
231,,5,799.17,516,1388,101.16999999999996,growing-my-sunflower,946,4668.226046120864,893,1010,887,SampleGaze,998.0203078222827,541.494895595776
235,1.0,5,799.17,516,1388,101.16999999999996,growing-my-sunflower,946,4699.966131788329,893,1010,887,SampleFixation,957.0119588641504,373.399125935112
232,,5,799.17,516,1388,101.16999999999996,growing-my-sunflower,946,4699.966131788329,893,1010,887,SampleGaze,951.4773232090687,373.38916666698594
234,,5,799.17,516,1388,101.16999999999996,growing-my-sunflower,946,4730.879305276438,893,1010,887,SampleGaze,953.5593350693175,374.9178734271467
236,,5,799.17,516,1388,101.16999999999996,growing-my-sunflower,946,4761.768653723877,893,1010,887,SampleGaze,959.6386538358042,373.21029913340845
237,3.0,5,799.17,516,1388,101.16999999999996,growing-my-sunflower,946,4792.593491292093,893,1010,887,SampleFixation,958.2525844271322,371.8057434089311
238,,5,799.17,516,1388,101.16999999999996,growing-my-sunflower,946,4792.593491292093,893,1010,887,SampleGaze,962.0144959184312,370.91554520826315
239,3.0,5,799.17,516,1388,101.16999999999996,growing-my-sunflower,946,4823.562378721312,893,1010,887,SampleFixation,959.5197316240003,366.8663581407779
240,,5,799.17,516,1388,101.16999999999996,growing-my-sunflower,946,4823.562378721312,893,1010,887,SampleGaze,962.0590593705164,359.2372229245966
241,3.0,5,799.17,516,1388,101.16999999999996,growing-my-sunflower,946,4854.414706721087,893,1010,887,SampleFixation,957.5860680407718,370.20905263860675
242,,5,799.17,516,1388,101.16999999999996,growing-my-sunflower,946,4854.414706721087,893,1010,887,SampleGaze,961.5785845682235,358.42647442447384
247,2.0,5,799.17,516,1388,101.16999999999996,growing-my-sunflower,946,4854.414706721087,893,1010,887,SampleFixation,953.7187408743152,376.8944416342645
243,,5,799.17,516,1388,101.16999999999996,growing-my-sunflower,946,4885.462400053977,893,1010,887,SampleGaze,967.2333705647079,403.5674837384413
244,,5,799.17,516,1388,101.16999999999996,growing-my-sunflower,946,4916.4250563187525,893,1010,887,SampleGaze,995.1451979306298,628.8049028067577
245,,5,799.17,516,1388,101.16999999999996,growing-my-sunflower,946,4946.787688098615,893,1010,887,SampleGaze,993.5043581996542,637.2300937973702
249,1.0,5,799.17,516,1388,101.16999999999996,growing-my-sunflower,946,4946.787688098615,893,1010,887,SampleFixation,993.9286684756942,650.7527140772575
246,,5,799.17,516,1388,101.16999999999996,growing-my-sunflower,946,4977.381239503156,893,1010,887,SampleGaze,988.4640720288616,661.5061709295991
248,,5,799.17,516,1388,101.16999999999996,growing-my-sunflower,946,5007.801784458803,893,1010,887,SampleGaze,991.9983410070025,652.0083799332384
251,,5,799.17,516,1388,101.16999999999996,growing-my-sunflower,946,5038.104670367669,893,1010,887,SampleGaze,999.7482212596778,644.7533479314483
250,3.0,5,799.17,516,1388,101.16999999999996,growing-my-sunflower,946,5038.104670367669,893,1010,887,SampleFixation,995.9846434001389,647.9465436322225
253,,5,799.17,516,1388,101.16999999999996,growing-my-sunflower,946,5068.564801544766,893,1010,887,SampleGaze,1004.8423699183088,622.1256796953485
252,3.0,5,799.17,516,1388,101.16999999999996,growing-my-sunflower,946,5068.564801544766,893,1010,887,SampleFixation,999.2060559647589,637.6575076447034
254,3.0,5,799.17,516,1388,101.16999999999996,growing-my-sunflower,946,5098.976916101412,893,1010,887,SampleFixation,1000.8081300688444,648.1377503320654
255,,5,799.17,516,1388,101.16999999999996,growing-my-sunflower,946,5098.976916101412,893,1010,887,SampleGaze,1004.2684609882123,631.360259743126
256,,5,799.17,516,1388,101.16999999999996,growing-my-sunflower,946,5129.658070347621,893,1010,887,SampleGaze,1009.2695098688893,633.6731030833968
257,3.0,5,799.17,516,1388,101.16999999999996,growing-my-sunflower,946,5129.658070347621,893,1010,887,SampleFixation,1004.023040913562,641.8342883558182
258,3.0,5,799.17,516,1388,101.16999999999996,growing-my-sunflower,946,5160.565745749394,893,1010,887,SampleFixation,1000.9448887660124,641.4581197131727
259,,5,799.17,516,1388,101.16999999999996,growing-my-sunflower,946,5160.565745749394,893,1010,887,SampleGaze,1003.7511446848703,637.197747479482
260,,5,799.17,516,1388,101.16999999999996,growing-my-sunflower,946,5191.347331705387,893,1010,887,SampleGaze,1009.5090438152955,654.7550909669516
261,3.0,5,799.17,516,1388,101.16999999999996,growing-my-sunflower,946,5191.347331705387,893,1010,887,SampleFixation,1004.9163859018046,647.3589532665405
266,2.0,5,799.17,516,1388,101.16999999999996,growing-my-sunflower,946,5191.347331705387,893,1010,887,SampleFixation,1012.8593801733892,659.1606203732763
262,,5,799.17,516,1388,101.16999999999996,growing-my-sunflower,946,5222.339677636162,893,1010,887,SampleGaze,997.78904041633,638.5027340496592
263,,5,799.17,516,1388,101.16999999999996,growing-my-sunflower,946,5253.8349151938455,893,1010,887,SampleGaze,951.8466112474609,545.0449941484303
264,,5,799.17,516,1388,101.16999999999996,growing-my-sunflower,946,5285.082372328965,893,1010,887,SampleGaze,929.281810231176,451.5699953379048
267,1.0,5,799.17,516,1388,101.16999999999996,growing-my-sunflower,946,5285.082372328965,893,1010,887,SampleFixation,884.78067044225,285.31017840225604
265,,5,799.17,516,1388,101.16999999999996,growing-my-sunflower,946,5317.9961161518,893,1010,887,SampleGaze,886.8277476338267,280.2209436177262
268,,5,799.17,516,1388,101.16999999999996,growing-my-sunflower,946,5347.567756582866,893,1010,887,SampleGaze,885.5046089775,282.2885928374816
269,,5,799.17,516,1388,101.16999999999996,growing-my-sunflower,946,5378.3673029540805,893,1010,887,SampleGaze,878.3317914503577,296.50422269372393
270,3.0,5,799.17,516,1388,101.16999999999996,growing-my-sunflower,946,5378.3673029540805,893,1010,887,SampleFixation,882.3295403198647,289.09799881031677
271,3.0,5,799.17,516,1388,101.16999999999996,growing-my-sunflower,946,5409.265448339633,893,1010,887,SampleFixation,879.539089349943,293.89381608324743
272,,5,799.17,516,1388,101.16999999999996,growing-my-sunflower,946,5409.265448339633,893,1010,887,SampleGaze,877.1649712116484,297.44571518254594
273,3.0,5,799.17,516,1388,101.16999999999996,growing-my-sunflower,946,5440.203546485514,893,1010,887,SampleFixation,880.5303364927644,298.0065193654147
274,,5,799.17,516,1388,101.16999999999996,growing-my-sunflower,946,5440.203546485514,893,1010,887,SampleGaze,877.701259201501,303.94076172205155
275,3.0,5,799.17,516,1388,101.16999999999996,growing-my-sunflower,946,5471.639404711197,893,1010,887,SampleFixation,881.5398481099787,298.5932318700467
276,,5,799.17,516,1388,101.16999999999996,growing-my-sunflower,946,5471.639404711197,893,1010,887,SampleGaze,880.5179649035822,302.45093917971894
277,3.0,5,799.17,516,1388,101.16999999999996,growing-my-sunflower,946,5502.307363550295,893,1010,887,SampleFixation,884.5803345897849,302.6593348494324
278,,5,799.17,516,1388,101.16999999999996,growing-my-sunflower,946,5502.307363550295,893,1010,887,SampleGaze,885.6006575245732,306.2549149646753
281,2.0,5,799.17,516,1388,101.16999999999996,growing-my-sunflower,946,5502.307363550295,893,1010,887,SampleFixation,890.6613075493976,310.79154080820433
279,,5,799.17,516,1388,101.16999999999996,growing-my-sunflower,946,5533.31986913085,893,1010,887,SampleGaze,888.7707486895739,307.8568869248434
280,,5,799.17,516,1388,101.16999999999996,growing-my-sunflower,946,5564.181727146846,893,1010,887,SampleGaze,826.9958943852516,191.2355992991855
283,1.0,5,799.17,516,1388,101.16999999999996,growing-my-sunflower,946,5564.181727146846,893,1010,887,SampleFixation,823.5325806966757,214.76416150898015
282,,5,799.17,516,1388,101.16999999999996,growing-my-sunflower,946,5596.070627683541,893,1010,887,SampleGaze,821.1575151224802,202.00496984323468
284,,5,799.17,516,1388,101.16999999999996,growing-my-sunflower,946,5626.749949234305,893,1010,887,SampleGaze,823.2886062299493,218.9191440175093
285,3.0,5,799.17,516,1388,101.16999999999996,growing-my-sunflower,946,5657.686947762966,893,1010,887,SampleFixation,823.3049315352057,219.22330877321437
286,,5,799.17,516,1388,101.16999999999996,growing-my-sunflower,946,5657.686947762966,893,1010,887,SampleGaze,827.2687531947809,230.3224775672346
287,,5,799.17,516,1388,101.16999999999996,growing-my-sunflower,946,5688.428214419517,893,1010,887,SampleGaze,816.4067581716247,234.98364177752273
288,3.0,5,799.17,516,1388,101.16999999999996,growing-my-sunflower,946,5688.428214419517,893,1010,887,SampleFixation,820.0327610756651,225.0272096076877
289,,5,799.17,516,1388,101.16999999999996,growing-my-sunflower,946,5719.317196327844,893,1010,887,SampleGaze,816.033062350877,233.6969644588795
290,3.0,5,799.17,516,1388,101.16999999999996,growing-my-sunflower,946,5719.317196327844,893,1010,887,SampleFixation,821.3198504802248,224.42531988486877
291,3.0,5,799.17,516,1388,101.16999999999996,growing-my-sunflower,946,5750.440396712511,893,1010,887,SampleFixation,821.5068566547648,228.7687803623249
292,,5,799.17,516,1388,101.16999999999996,growing-my-sunflower,946,5750.440396712511,893,1010,887,SampleGaze,820.3854847929356,234.69993643652944
293,,5,799.17,516,1388,101.16999999999996,growing-my-sunflower,946,5782.5334595205495,893,1010,887,SampleGaze,822.6671339788263,233.76354278625607
294,3.0,5,799.17,516,1388,101.16999999999996,growing-my-sunflower,946,5782.5334595205495,893,1010,887,SampleFixation,822.0790610494341,230.0461754442535
295,3.0,5,799.17,516,1388,101.16999999999996,growing-my-sunflower,946,5813.408146404428,893,1010,887,SampleFixation,815.9152747428136,229.87181444712093
296,,5,799.17,516,1388,101.16999999999996,growing-my-sunflower,946,5813.408146404428,893,1010,887,SampleGaze,813.729688301313,232.91231065217613
297,,5,799.17,516,1388,101.16999999999996,growing-my-sunflower,946,5844.349909941317,893,1010,887,SampleGaze,814.9070672072551,222.33084092947863
298,3.0,5,799.17,516,1388,101.16999999999996,growing-my-sunflower,946,5844.349909941317,893,1010,887,SampleFixation,815.8430878986385,226.96338089076167
300,3.0,5,799.17,516,1388,101.16999999999996,growing-my-sunflower,946,5875.1439582261955,893,1010,887,SampleFixation,817.1928980986588,230.28346814551523
299,,5,799.17,516,1388,101.16999999999996,growing-my-sunflower,946,5875.1439582261955,893,1010,887,SampleGaze,817.2960260138232,232.8214890968794
301,3.0,5,799.17,516,1388,101.16999999999996,growing-my-sunflower,946,5906.133738383418,893,1010,887,SampleFixation,825.363078586874,231.16695089236552
302,,5,799.17,516,1388,101.16999999999996,growing-my-sunflower,946,5906.133738383418,893,1010,887,SampleGaze,827.3052643413836,233.00200788943178
303,,5,799.17,516,1388,101.16999999999996,growing-my-sunflower,946,5937.854764018441,893,1010,887,SampleGaze,833.7222276093157,232.60137496295496
304,3.0,5,799.17,516,1388,101.16999999999996,growing-my-sunflower,946,5937.854764018441,893,1010,887,SampleFixation,821.557987313123,230.2953105841531
305,3.0,5,799.17,516,1388,101.16999999999996,growing-my-sunflower,946,5968.917118914775,893,1010,887,SampleFixation,821.9681339816278,235.132194490421
306,,5,799.17,516,1388,101.16999999999996,growing-my-sunflower,946,5968.917118914775,893,1010,887,SampleGaze,828.1375487339667,238.66743908692771
311,2.0,5,799.17,516,1388,101.16999999999996,growing-my-sunflower,946,5968.917118914775,893,1010,887,SampleFixation,822.7884273186378,244.80596230295689
307,,5,799.17,516,1388,101.16999999999996,growing-my-sunflower,946,5999.725828763214,893,1010,887,SampleGaze,820.4402607866929,240.48873920094192
308,,5,799.17,516,1388,101.16999999999996,growing-my-sunflower,946,6031.750348761911,893,1010,887,SampleGaze,885.0157403222023,865.9171400758859
309,,5,799.17,516,1388,101.16999999999996,growing-my-sunflower,946,6063.991493360838,893,1010,887,SampleGaze,896.9502385256881,988.756544173096
313,1.0,5,799.17,516,1388,101.16999999999996,growing-my-sunflower,946,6063.991493360838,893,1010,887,SampleFixation,894.1148592902031,994.2988359184864
310,,5,799.17,516,1388,101.16999999999996,growing-my-sunflower,946,6095.804886845639,893,1010,887,SampleGaze,909.8241557998277,981.8844397534475
312,,5,799.17,516,1388,101.16999999999996,growing-my-sunflower,946,6127.742903620005,893,1010,887,SampleGaze,909.7759474499347,983.7569135860375
314,,5,799.17,516,1388,101.16999999999996,growing-my-sunflower,946,6160.02436751849,893,1010,887,SampleGaze,897.0401839078521,996.0791204044369
315,3.0,5,799.17,516,1388,101.16999999999996,growing-my-sunflower,946,6160.02436751849,893,1010,887,SampleFixation,895.9618256706193,994.3378188256431
316,,5,799.17,516,1388,101.16999999999996,growing-my-sunflower,946,6192.205399707193,893,1010,887,SampleGaze,910.8620123469448,990.1412456003134
317,,5,799.17,516,1388,101.16999999999996,growing-my-sunflower,946,6223.805100904545,893,1010,887,SampleGaze,947.2558998054334,969.0916351550203
318,3.0,5,799.17,516,1388,101.16999999999996,growing-my-sunflower,946,6223.805100904545,893,1010,887,SampleFixation,926.6512220445206,979.1838642972936
319,,5,799.17,516,1388,101.16999999999996,growing-my-sunflower,946,6255.606398599455,893,1010,887,SampleGaze,982.6181401826069,949.6625678411509
320,3.0,5,799.17,516,1388,101.16999999999996,growing-my-sunflower,946,6255.606398599455,893,1010,887,SampleFixation,943.5095540702839,969.6653810693904
321,,5,799.17,516,1388,101.16999999999996,growing-my-sunflower,946,6287.282706465921,893,1010,887,SampleGaze,978.4576688412636,960.3391148921736
322,3.0,5,799.17,516,1388,101.16999999999996,growing-my-sunflower,946,6287.282706465921,893,1010,887,SampleFixation,952.014400425988,973.8530991011226
323,3.0,5,799.17,516,1388,101.16999999999996,growing-my-sunflower,946,6319.757703002193,893,1010,887,SampleFixation,959.0089327872355,959.7803022976415
324,,5,799.17,516,1388,101.16999999999996,growing-my-sunflower,946,6319.757703002193,893,1010,887,SampleGaze,969.5925011290838,976.7931585953385
325,3.0,5,799.17,516,1388,101.16999999999996,growing-my-sunflower,946,6351.981986803119,893,1010,887,SampleFixation,966.230530091596,955.7466611522651
326,,5,799.17,516,1388,101.16999999999996,growing-my-sunflower,946,6351.981986803119,893,1010,887,SampleGaze,973.0889512087227,967.0419438953525
327,3.0,5,799.17,516,1388,101.16999999999996,growing-my-sunflower,946,6384.290941133047,893,1010,887,SampleFixation,977.5105511803201,950.1628680005713
328,,5,799.17,516,1388,101.16999999999996,growing-my-sunflower,946,6384.290941133047,893,1010,887,SampleGaze,994.1898389417993,941.0828353782424
329,3.0,5,799.17,516,1388,101.16999999999996,growing-my-sunflower,946,6416.084174968186,893,1010,887,SampleFixation,979.4536208215351,951.5632250327662
330,,5,799.17,516,1388,101.16999999999996,growing-my-sunflower,946,6416.084174968186,893,1010,887,SampleGaze,991.1400577386839,945.5988251961509
332,,6,776.97,516,1388,122.97000000000003,growing-my-sunflower,946,6447.330532485968,687,1217,887,SampleGaze,983.0005080606553,946.048944422365
331,3.0,6,776.97,516,1388,122.97000000000003,growing-my-sunflower,946,6447.330532485968,687,1217,887,SampleFixation,976.9444229627767,950.0653231433974
333,,6,776.97,516,1388,122.97000000000003,growing-my-sunflower,946,6479.061088137212,687,1217,887,SampleGaze,985.8763381430153,939.1320459757718
334,3.0,6,776.97,516,1388,122.97000000000003,growing-my-sunflower,946,6479.061088137212,687,1217,887,SampleFixation,981.779917182024,944.2529473802546
338,2.0,6,776.97,516,1388,122.97000000000003,growing-my-sunflower,946,6479.061088137212,687,1217,887,SampleFixation,991.4509056205185,932.6281958539687
335,,6,776.97,516,1388,122.97000000000003,growing-my-sunflower,946,6510.031075183768,687,1217,887,SampleGaze,985.3710044704713,937.125116025933
336,,6,776.97,516,1388,122.97000000000003,growing-my-sunflower,946,6540.627925440087,687,1217,887,SampleGaze,965.9677117041192,550.5239023990907
337,,6,776.97,516,1388,122.97000000000003,growing-my-sunflower,946,6571.321908554295,687,1217,887,SampleGaze,963.9941381115328,499.84673271956615
339,,6,776.97,516,1388,122.97000000000003,growing-my-sunflower,946,6602.312421789742,687,1217,887,SampleGaze,978.2604498729452,481.70574395897364
340,,6,776.97,516,1388,122.97000000000003,growing-my-sunflower,946,6635.769009999931,687,1217,887,SampleGaze,977.097344324731,485.5691296731502
342,1.0,6,776.97,516,1388,122.97000000000003,growing-my-sunflower,946,6635.769009999931,687,1217,887,SampleFixation,963.1435826229288,517.496751412059
341,,6,776.97,516,1388,122.97000000000003,growing-my-sunflower,946,6664.9898725249805,687,1217,887,SampleGaze,973.5330016743992,509.4137815544434
343,,6,776.97,516,1388,122.97000000000003,growing-my-sunflower,946,6695.954361485201,687,1217,887,SampleGaze,970.4775109442038,507.7895713806333
344,,6,776.97,516,1388,122.97000000000003,growing-my-sunflower,946,6726.908220811863,687,1217,887,SampleGaze,959.949041994966,495.4183895436035
345,3.0,6,776.97,516,1388,122.97000000000003,growing-my-sunflower,946,6726.908220811863,687,1217,887,SampleFixation,961.1507959410362,510.41738639849103
347,3.0,6,776.97,516,1388,122.97000000000003,growing-my-sunflower,946,6757.761281889747,687,1217,887,SampleFixation,957.6358640553493,487.5322325697333
346,,6,776.97,516,1388,122.97000000000003,growing-my-sunflower,946,6757.761281889747,687,1217,887,SampleGaze,958.123555995983,487.36062581292
351,2.0,6,776.97,516,1388,122.97000000000003,growing-my-sunflower,946,6757.761281889747,687,1217,887,SampleFixation,950.6060002839761,441.7619249122177
348,,6,776.97,516,1388,122.97000000000003,growing-my-sunflower,946,6789.465080187772,687,1217,887,SampleGaze,951.7642684818584,451.38529611620464
352,1.0,6,776.97,516,1388,122.97000000000003,growing-my-sunflower,946,6821.2077316287905,687,1217,887,SampleFixation,839.2133751268625,858.405350384918
349,,6,776.97,516,1388,122.97000000000003,growing-my-sunflower,946,6821.2077316287905,687,1217,887,SampleGaze,865.9675116480864,751.3035243570441
350,,6,776.97,516,1388,122.97000000000003,growing-my-sunflower,946,6852.448224521242,687,1217,887,SampleGaze,839.2018095591801,856.8512593642524
353,,6,776.97,516,1388,122.97000000000003,growing-my-sunflower,946,6883.472459352575,687,1217,887,SampleGaze,839.6576391392232,859.9200222533262
354,3.0,6,776.97,516,1388,122.97000000000003,growing-my-sunflower,946,6914.174506326788,687,1217,887,SampleFixation,835.0353200300444,857.3353071197082
355,,6,776.97,516,1388,122.97000000000003,growing-my-sunflower,946,6914.174506326788,687,1217,887,SampleGaze,836.4974220080637,858.7615148770535
356,,6,776.97,516,1388,122.97000000000003,growing-my-sunflower,946,6945.754047874361,687,1217,887,SampleGaze,832.7092941752418,865.3776394613262
357,,6,776.97,516,1388,122.97000000000003,growing-my-sunflower,946,6977.940578149399,687,1217,887,SampleGaze,851.8542561225506,925.4812835961253
358,,6,776.97,516,1388,122.97000000000003,growing-my-sunflower,946,7008.958215277176,687,1217,887,SampleGaze,852.6298106442305,933.2292322134304
359,3.0,6,776.97,516,1388,122.97000000000003,growing-my-sunflower,946,7008.958215277176,687,1217,887,SampleFixation,839.6527368705907,881.0469422694151
360,,6,776.97,516,1388,122.97000000000003,growing-my-sunflower,946,7039.384258319158,687,1217,887,SampleGaze,852.6497076864229,918.69745170797
361,,6,776.97,516,1388,122.97000000000003,growing-my-sunflower,946,7070.475569803268,687,1217,887,SampleGaze,861.0112732550407,893.7449069041312
367,2.0,6,776.97,516,1388,122.97000000000003,growing-my-sunflower,946,7102.126953011844,687,1217,887,SampleFixation,868.6587818092514,919.3133313040411
362,,6,776.97,516,1388,122.97000000000003,growing-my-sunflower,946,7102.126953011844,687,1217,887,SampleGaze,864.1543452511082,899.6798901289789
363,3.0,6,776.97,516,1388,122.97000000000003,growing-my-sunflower,946,7102.126953011844,687,1217,887,SampleFixation,849.321418516811,893.8024052809571
364,,6,776.97,516,1388,122.97000000000003,growing-my-sunflower,946,7132.386953847599,687,1217,887,SampleGaze,926.5845859013535,933.4081293486812
369,1.0,6,776.97,516,1388,122.97000000000003,growing-my-sunflower,946,7164.326070239069,687,1217,887,SampleFixation,1122.2643302561553,957.2367374974473
365,,6,776.97,516,1388,122.97000000000003,growing-my-sunflower,946,7164.326070239069,687,1217,887,SampleGaze,1093.769142084004,952.4050663869792
366,,6,776.97,516,1388,122.97000000000003,growing-my-sunflower,946,7196.200675751432,687,1217,887,SampleGaze,1119.541608788656,961.353247732031
368,,6,776.97,516,1388,122.97000000000003,growing-my-sunflower,946,7228.129529048572,687,1217,887,SampleGaze,1125.260942449137,955.591888196592
370,,6,776.97,516,1388,122.97000000000003,growing-my-sunflower,946,7260.3706736475,687,1217,887,SampleGaze,1122.7191716113086,950.613436707448
371,3.0,6,776.97,516,1388,122.97000000000003,growing-my-sunflower,946,7260.3706736475,687,1217,887,SampleFixation,1122.0678509436182,953.9386223912046
372,,6,776.97,516,1388,122.97000000000003,growing-my-sunflower,946,7292.539976585424,687,1217,887,SampleGaze,1135.2556742334589,954.3632446590043
373,3.0,6,776.97,516,1388,122.97000000000003,growing-my-sunflower,946,7292.539976585424,687,1217,887,SampleFixation,1127.12441636269,954.4223015417302
378,2.0,6,776.97,516,1388,122.97000000000003,growing-my-sunflower,946,7324.336875811452,687,1217,887,SampleFixation,1107.6943594639697,889.2620886122118
374,,6,776.97,516,1388,122.97000000000003,growing-my-sunflower,946,7324.336875811452,687,1217,887,SampleGaze,1127.3869489706162,938.8585122922625
375,,6,776.97,516,1388,122.97000000000003,growing-my-sunflower,946,7356.041773726582,687,1217,887,SampleGaze,1100.6961106031606,831.2197226290166
376,,6,776.97,516,1388,122.97000000000003,growing-my-sunflower,946,7386.767279202351,687,1217,887,SampleGaze,1067.2596031552735,598.036005920807
380,1.0,6,776.97,516,1388,122.97000000000003,growing-my-sunflower,946,7386.767279202351,687,1217,887,SampleFixation,1047.1229697296642,436.78840763631945
377,,6,776.97,516,1388,122.97000000000003,growing-my-sunflower,946,7417.70757658279,687,1217,887,SampleGaze,1046.647227663426,443.1967971893073
379,,6,776.97,516,1388,122.97000000000003,growing-my-sunflower,946,7448.988022235688,687,1217,887,SampleGaze,1046.6315454774956,433.1363617618921
381,3.0,6,776.97,516,1388,122.97000000000003,growing-my-sunflower,946,7479.867474127794,687,1217,887,SampleFixation,1048.299487572172,438.74046483520124
382,,6,776.97,516,1388,122.97000000000003,growing-my-sunflower,946,7479.867474127794,687,1217,887,SampleGaze,1049.6991754959806,441.2660784670612
383,,6,776.97,516,1388,122.97000000000003,growing-my-sunflower,946,7510.742894090014,687,1217,887,SampleGaze,1051.8859935023004,435.2448284900607
384,3.0,6,776.97,516,1388,122.97000000000003,growing-my-sunflower,946,7510.742894090014,687,1217,887,SampleFixation,1050.3755775822594,435.15765097520324
385,3.0,6,776.97,516,1388,122.97000000000003,growing-my-sunflower,946,7541.943800761015,687,1217,887,SampleFixation,1049.551289290501,435.48649716893965
386,,6,776.97,516,1388,122.97000000000003,growing-my-sunflower,946,7541.943800761015,687,1217,887,SampleGaze,1051.2401773039912,432.74893585800106
387,3.0,6,776.97,516,1388,122.97000000000003,growing-my-sunflower,946,7573.581988562481,687,1217,887,SampleFixation,1050.2179469360603,438.5101259836144
388,,6,776.97,516,1388,122.97000000000003,growing-my-sunflower,946,7573.581988562481,687,1217,887,SampleGaze,1050.0627230982227,439.8444033334336
389,,6,776.97,516,1388,122.97000000000003,growing-my-sunflower,946,7604.446045812918,687,1217,887,SampleGaze,1053.8694875951617,453.40609602468203
390,,6,776.97,516,1388,122.97000000000003,growing-my-sunflower,946,7635.390741662472,687,1217,887,SampleGaze,1061.3609340204057,487.47383312873717
391,3.0,6,776.97,516,1388,122.97000000000003,growing-my-sunflower,946,7635.390741662472,687,1217,887,SampleFixation,1054.0260909446615,455.70209140327603
392,3.0,6,776.97,516,1388,122.97000000000003,growing-my-sunflower,946,7666.565624058479,687,1217,887,SampleFixation,1057.9257808670031,462.4481967718507
393,,6,776.97,516,1388,122.97000000000003,growing-my-sunflower,946,7666.565624058479,687,1217,887,SampleGaze,1064.0003778020164,484.4690640220617
395,,6,776.97,516,1388,122.97000000000003,growing-my-sunflower,946,7697.72841066448,687,1217,887,SampleGaze,1066.6730217413851,469.05658039853455
394,3.0,6,776.97,516,1388,122.97000000000003,growing-my-sunflower,946,7697.72841066448,687,1217,887,SampleFixation,1062.0954746855748,458.96253490387545
396,3.0,6,776.97,516,1388,122.97000000000003,growing-my-sunflower,946,7728.795530568925,687,1217,887,SampleFixation,1066.4627386363331,463.56105343421325
397,,6,776.97,516,1388,122.97000000000003,growing-my-sunflower,946,7728.795530568925,687,1217,887,SampleGaze,1072.4310171517386,466.9272765086524
398,,6,776.97,516,1388,122.97000000000003,growing-my-sunflower,946,7759.790808812482,687,1217,887,SampleGaze,1073.7193527258612,466.9125905906491
399,3.0,6,776.97,516,1388,122.97000000000003,growing-my-sunflower,946,7759.790808812482,687,1217,887,SampleFixation,1069.0427810611307,465.8412474781796
405,2.0,6,776.97,516,1388,122.97000000000003,growing-my-sunflower,946,7759.790808812482,687,1217,887,SampleFixation,1074.2028659107264,470.40163556611236
400,,6,776.97,516,1388,122.97000000000003,growing-my-sunflower,946,7791.082983716158,687,1217,887,SampleGaze,1074.5406665419405,471.20212979414936
401,,6,776.97,516,1388,122.97000000000003,growing-my-sunflower,946,7823.172747672303,687,1217,887,SampleGaze,1035.9394427316154,911.7539163937728
402,,6,776.97,516,1388,122.97000000000003,growing-my-sunflower,946,7854.048534173518,687,1217,887,SampleGaze,1024.2717440689369,1010.8889901074572
403,,6,776.97,516,1388,122.97000000000003,growing-my-sunflower,946,7885.727407813538,687,1217,887,SampleGaze,1008.8683235923803,1029.3572662016725
404,,6,776.97,516,1388,122.97000000000003,growing-my-sunflower,946,7916.812121594208,687,1217,887,SampleGaze,999.4377797764649,996.262131170981
408,1.0,6,776.97,516,1388,122.97000000000003,growing-my-sunflower,946,7916.812121594208,687,1217,887,SampleFixation,1012.0870884852148,970.4633179083551
406,,6,776.97,516,1388,122.97000000000003,growing-my-sunflower,946,7948.255677140667,687,1217,887,SampleGaze,1004.3487618861144,981.1346075781851
407,,6,776.97,516,1388,122.97000000000003,growing-my-sunflower,946,7979.918423060793,687,1217,887,SampleGaze,1011.8863024094703,971.6608179288389
409,3.0,6,776.97,516,1388,122.97000000000003,growing-my-sunflower,946,8011.389102499699,687,1217,887,SampleFixation,1018.2681789717979,964.1688092547373
410,,6,776.97,516,1388,122.97000000000003,growing-my-sunflower,946,8011.389102499699,687,1217,887,SampleGaze,1002.8590542827983,978.091481322303
412,3.0,6,776.97,516,1388,122.97000000000003,growing-my-sunflower,946,8042.814331091824,687,1217,887,SampleFixation,1017.3668193218756,965.0613756857967
411,,6,776.97,516,1388,122.97000000000003,growing-my-sunflower,946,8042.814331091824,687,1217,887,SampleGaze,1016.4973142161294,965.8770071627561
413,3.0,6,776.97,516,1388,122.97000000000003,growing-my-sunflower,946,8074.937816643971,687,1217,887,SampleFixation,1017.3965283051608,958.5823625992721
414,,6,776.97,516,1388,122.97000000000003,growing-my-sunflower,946,8074.937816643971,687,1217,887,SampleGaze,1017.509876883341,953.0700043791869
415,,6,776.97,516,1388,122.97000000000003,growing-my-sunflower,946,8107.07193182956,687,1217,887,SampleGaze,1015.83902669551,954.1759498059257
416,3.0,6,776.97,516,1388,122.97000000000003,growing-my-sunflower,946,8107.07193182956,687,1217,887,SampleFixation,1016.298407235738,957.7009401304845
419,2.0,6,776.97,516,1388,122.97000000000003,growing-my-sunflower,946,8107.07193182956,687,1217,887,SampleFixation,1014.1021650968926,955.938095192909
417,,6,776.97,516,1388,122.97000000000003,growing-my-sunflower,946,8139.452361281379,687,1217,887,SampleGaze,1035.7392904858164,953.2564829908458
418,,6,776.97,516,1388,122.97000000000003,growing-my-sunflower,946,8172.76673232601,687,1217,887,SampleGaze,1129.133963141389,956.5843818455079
421,1.0,7,776.97,516,1388,122.97000000000003,growing-my-sunflower,946,8172.76673232601,554,1349,887,SampleFixation,1152.24219755334,947.3938252640613
420,,6,776.97,516,1388,122.97000000000003,growing-my-sunflower,946,8203.664144633338,687,1217,887,SampleGaze,1154.1137298481922,948.9240410519502
422,,7,776.97,516,1388,122.97000000000003,growing-my-sunflower,946,8235.40899530903,554,1349,887,SampleGaze,1155.2038759383865,945.0640138245686
423,3.0,7,776.97,516,1388,122.97000000000003,growing-my-sunflower,946,8266.93722138449,554,1349,887,SampleFixation,1149.365457959679,949.8994990479662
424,,7,776.97,516,1388,122.97000000000003,growing-my-sunflower,946,8266.93722138449,554,1349,887,SampleGaze,1146.6992342321882,950.8286721700701
425,3.0,7,776.97,516,1388,122.97000000000003,growing-my-sunflower,946,8298.50869907206,554,1349,887,SampleFixation,1142.3743559629104,951.0091650678238
426,,7,776.97,516,1388,122.97000000000003,growing-my-sunflower,946,8298.50869907206,554,1349,887,SampleGaze,1137.7127888443197,952.3805177702288
433,2.0,7,776.97,516,1388,122.97000000000003,growing-my-sunflower,946,8330.44121776009,554,1349,887,SampleFixation,1132.314842471122,953.6542050823267
427,3.0,7,776.97,516,1388,122.97000000000003,growing-my-sunflower,946,8330.44121776009,554,1349,887,SampleFixation,1139.0211847989808,951.890845072658
428,,7,776.97,516,1388,122.97000000000003,growing-my-sunflower,946,8330.44121776009,554,1349,887,SampleGaze,1135.1866900480559,953.9772702357051
429,,7,776.97,516,1388,122.97000000000003,growing-my-sunflower,946,8362.275870512007,554,1349,887,SampleGaze,1130.732644598641,953.4824978697114
430,,7,776.97,516,1388,122.97000000000003,growing-my-sunflower,946,8393.331627704785,554,1349,887,SampleGaze,935.1468954409406,492.3709717237003
431,,7,776.97,516,1388,122.97000000000003,growing-my-sunflower,946,8424.230872707558,554,1349,887,SampleGaze,927.4585001985691,460.1086026367254
434,1.0,7,776.97,516,1388,122.97000000000003,growing-my-sunflower,946,8424.230872707558,554,1349,887,SampleFixation,926.7607018491949,454.51506170360085
432,,7,776.97,516,1388,122.97000000000003,growing-my-sunflower,946,8455.094929957995,554,1349,887,SampleGaze,928.3117123771058,449.66925115233164
435,,7,776.97,516,1388,122.97000000000003,growing-my-sunflower,946,8486.768672050908,554,1349,887,SampleGaze,928.0229717007746,459.9515680622587
437,3.0,7,776.97,516,1388,122.97000000000003,growing-my-sunflower,946,8517.804636132903,554,1349,887,SampleFixation,928.9342459630736,460.0636178772928
436,,7,776.97,516,1388,122.97000000000003,growing-my-sunflower,946,8517.804636132903,554,1349,887,SampleGaze,929.2969449836861,466.44207550717437
439,3.0,7,776.97,516,1388,122.97000000000003,growing-my-sunflower,946,8548.677490321454,554,1349,887,SampleFixation,930.6587083482087,456.59669364473416
442,2.0,7,776.97,516,1388,122.97000000000003,growing-my-sunflower,946,8548.677490321454,554,1349,887,SampleFixation,934.1076331184789,449.66284517961674
438,,7,776.97,516,1388,122.97000000000003,growing-my-sunflower,946,8548.677490321454,554,1349,887,SampleGaze,931.6636582676213,455.93390821051804
440,,7,776.97,516,1388,122.97000000000003,growing-my-sunflower,946,8580.545498130261,554,1349,887,SampleGaze,933.8067246637281,457.49160442505627
441,,7,776.97,516,1388,122.97000000000003,growing-my-sunflower,946,8612.693908340298,554,1349,887,SampleGaze,790.5884332009429,799.2575455961925
444,1.0,7,776.97,516,1388,122.97000000000003,growing-my-sunflower,946,8612.693908340298,554,1349,887,SampleFixation,769.2885084400615,831.17814735511
443,,7,776.97,516,1388,122.97000000000003,growing-my-sunflower,946,8645.294994322234,554,1349,887,SampleGaze,769.0786923171901,844.5070037218088
445,,7,776.97,516,1388,122.97000000000003,growing-my-sunflower,946,8677.446703384048,554,1349,887,SampleGaze,771.3349391183284,823.7329421070157
450,2.0,7,776.97,516,1388,122.97000000000003,growing-my-sunflower,946,8677.446703384048,554,1349,887,SampleFixation,768.1324514966111,811.3099446082741
446,,7,776.97,516,1388,122.97000000000003,growing-my-sunflower,946,8709.666955255088,554,1349,887,SampleGaze,774.3523589402818,838.2257050944668
447,,7,776.97,516,1388,122.97000000000003,growing-my-sunflower,946,8741.416937477887,554,1349,887,SampleGaze,775.4560198605395,864.9573999407338
448,,7,776.97,516,1388,122.97000000000003,growing-my-sunflower,946,8773.38427737914,554,1349,887,SampleGaze,803.559613717515,893.4585726221552
449,,7,776.97,516,1388,122.97000000000003,growing-my-sunflower,946,8805.154419251718,554,1349,887,SampleGaze,909.880434540331,915.760495393847
453,1.0,7,776.97,516,1388,122.97000000000003,growing-my-sunflower,946,8805.154419251718,554,1349,887,SampleFixation,957.664100117073,911.2501358458354
451,,7,776.97,516,1388,122.97000000000003,growing-my-sunflower,946,8837.027192068635,554,1349,887,SampleGaze,959.0900725598578,926.6795374089039
458,2.0,7,776.97,516,1388,122.97000000000003,growing-my-sunflower,946,8868.757014641771,554,1349,887,SampleFixation,956.6726236246647,879.0995755849775
452,,7,776.97,516,1388,122.97000000000003,growing-my-sunflower,946,8868.757014641771,554,1349,887,SampleGaze,958.8027065544394,918.18515458372
454,,7,776.97,516,1388,122.97000000000003,growing-my-sunflower,946,8901.344538677484,554,1349,887,SampleGaze,955.4831339640199,888.3953451727895
455,,7,776.97,516,1388,122.97000000000003,growing-my-sunflower,946,8933.536933577969,554,1349,887,SampleGaze,952.3742618521183,904.7773865295522
456,,7,776.97,516,1388,122.97000000000003,growing-my-sunflower,946,8964.93283904309,554,1349,887,SampleGaze,1002.2302445792853,958.4960066524034
457,,7,776.97,516,1388,122.97000000000003,growing-my-sunflower,946,8995.815956326085,554,1349,887,SampleGaze,1217.9424069594108,970.8593909566933
460,1.0,7,776.97,516,1388,122.97000000000003,growing-my-sunflower,946,8995.815956326085,554,1349,887,SampleFixation,1245.5823575511222,960.9362299070955
459,,7,776.97,516,1388,122.97000000000003,growing-my-sunflower,946,9026.736094056861,554,1349,887,SampleGaze,1252.472674068561,951.7852053530851
461,,7,776.97,516,1388,122.97000000000003,growing-my-sunflower,946,9057.776456607971,554,1349,887,SampleGaze,1244.5377015370054,961.6145573160269
463,,7,776.97,516,1388,122.97000000000003,growing-my-sunflower,946,9088.92494818964,554,1349,887,SampleGaze,1251.3555482674708,944.4104836984425
462,3.0,7,776.97,516,1388,122.97000000000003,growing-my-sunflower,946,9088.92494818964,554,1349,887,SampleFixation,1259.1333675406936,934.5099913894718
464,3.0,7,776.97,516,1388,122.97000000000003,growing-my-sunflower,946,9119.937087231083,554,1349,887,SampleFixation,1250.9418733324658,948.4280405589426
465,,7,776.97,516,1388,122.97000000000003,growing-my-sunflower,946,9119.937087231083,554,1349,887,SampleGaze,1248.0923336096253,950.5535897202199
466,3.0,7,776.97,516,1388,122.97000000000003,growing-my-sunflower,946,9150.935297787306,554,1349,887,SampleFixation,1260.4735722007038,934.2385935263198
467,,7,776.97,516,1388,122.97000000000003,growing-my-sunflower,946,9150.935297787306,554,1349,887,SampleGaze,1262.7221651201053,929.8221281174439
468,,7,776.97,516,1388,122.97000000000003,growing-my-sunflower,946,9182.367490622099,554,1349,887,SampleGaze,1207.6833561887468,872.6587278690939
469,3.0,7,776.97,516,1388,122.97000000000003,growing-my-sunflower,946,9182.367490622099,554,1349,887,SampleFixation,1236.0181465240462,904.7262083404514
472,2.0,7,776.97,516,1388,122.97000000000003,growing-my-sunflower,946,9182.367490622099,554,1349,887,SampleFixation,1187.1072951707313,845.7014379687147
470,,7,776.97,516,1388,122.97000000000003,growing-my-sunflower,946,9213.420682041207,554,1349,887,SampleGaze,1190.0810694865102,762.1830707369445
475,1.0,7,776.97,516,1388,122.97000000000003,growing-my-sunflower,946,9244.416693362873,554,1349,887,SampleFixation,1151.9524357170678,406.72538987200255
471,,7,776.97,516,1388,122.97000000000003,growing-my-sunflower,946,9244.416693362873,554,1349,887,SampleGaze,1166.1594314522124,622.7177352503109
473,,7,776.97,516,1388,122.97000000000003,growing-my-sunflower,946,9275.113608789863,554,1349,887,SampleGaze,1156.3228244639602,392.0254500629731
474,,7,776.97,516,1388,122.97000000000003,growing-my-sunflower,946,9305.958239468746,554,1349,887,SampleGaze,1150.8665648280194,405.7035397872634
476,,7,776.97,516,1388,122.97000000000003,growing-my-sunflower,946,9336.971111588413,554,1349,887,SampleGaze,1151.0429164339405,412.1391889425533
477,3.0,7,776.97,516,1388,122.97000000000003,growing-my-sunflower,946,9336.971111588413,554,1349,887,SampleFixation,1147.9171084698407,413.6212351237702
478,3.0,7,776.97,516,1388,122.97000000000003,growing-my-sunflower,946,9368.957511522109,554,1349,887,SampleFixation,1150.4849936675955,412.52273214908837
479,,7,776.97,516,1388,122.97000000000003,growing-my-sunflower,946,9368.957511522109,554,1349,887,SampleGaze,1153.520348463072,413.2315688716649
480,3.0,7,776.97,516,1388,122.97000000000003,growing-my-sunflower,946,9400.595699323574,554,1349,887,SampleFixation,1150.4536086329126,419.6476771722333
481,,7,776.97,516,1388,122.97000000000003,growing-my-sunflower,946,9400.595699323574,554,1349,887,SampleGaze,1151.6710715760637,421.5309035204316
482,3.0,7,776.97,516,1388,122.97000000000003,growing-my-sunflower,946,9431.593176801573,554,1349,887,SampleFixation,1153.0429851597605,408.8914523609929
483,,7,776.97,516,1388,122.97000000000003,growing-my-sunflower,946,9431.593176801573,554,1349,887,SampleGaze,1154.4126189780516,412.8420314624278
484,3.0,7,776.97,516,1388,122.97000000000003,growing-my-sunflower,946,9462.638670899905,554,1349,887,SampleFixation,1152.7019219399408,413.3755963144305
485,,7,776.97,516,1388,122.97000000000003,growing-my-sunflower,946,9462.638670899905,554,1349,887,SampleGaze,1152.6333625372042,419.0416293465963
486,,7,776.97,516,1388,122.97000000000003,growing-my-sunflower,946,9493.60132716468,554,1349,887,SampleGaze,1157.1832883489058,419.5961214527161
487,3.0,7,776.97,516,1388,122.97000000000003,growing-my-sunflower,946,9493.60132716468,554,1349,887,SampleFixation,1156.9216820562679,416.36669364438654
489,,7,776.97,516,1388,122.97000000000003,growing-my-sunflower,946,9525.118190528476,554,1349,887,SampleGaze,1160.9640089104478,424.71726627640936
488,3.0,7,776.97,516,1388,122.97000000000003,growing-my-sunflower,946,9525.118190528476,554,1349,887,SampleFixation,1156.8981146807077,420.0365935954802
490,3.0,7,776.97,516,1388,122.97000000000003,growing-my-sunflower,946,9556.1926412147,554,1349,887,SampleFixation,1157.558131968126,419.03366138597517
491,,7,776.97,516,1388,122.97000000000003,growing-my-sunflower,946,9556.1926412147,554,1349,887,SampleGaze,1159.0876030249212,420.3713288042508
492,,7,776.97,516,1388,122.97000000000003,growing-my-sunflower,946,9586.821013832465,554,1349,887,SampleGaze,1152.1985453564437,423.428503937074
493,3.0,7,776.97,516,1388,122.97000000000003,growing-my-sunflower,946,9586.821013832465,554,1349,887,SampleFixation,1149.8600693219034,423.4537009059809
494,3.0,7,776.97,516,1388,122.97000000000003,growing-my-sunflower,946,9617.669676441234,554,1349,887,SampleFixation,1154.148509800137,417.88994215001816
495,,7,776.97,516,1388,122.97000000000003,growing-my-sunflower,946,9617.669676441234,554,1349,887,SampleGaze,1140.6533197776168,427.18197274004103
497,3.0,7,776.97,516,1388,122.97000000000003,growing-my-sunflower,946,9648.367324946448,554,1349,887,SampleFixation,1151.669632794127,420.14314269615863
496,,7,776.97,516,1388,122.97000000000003,growing-my-sunflower,946,9648.367324946448,554,1349,887,SampleGaze,1143.9813078716859,425.0171645827765
499,,7,776.97,516,1388,122.97000000000003,growing-my-sunflower,946,9679.921208757907,554,1349,887,SampleGaze,1150.9770988322427,417.35558874222545
504,2.0,7,776.97,516,1388,122.97000000000003,growing-my-sunflower,946,9679.921208757907,554,1349,887,SampleFixation,1154.7697567578307,408.66852419914557
498,3.0,7,776.97,516,1388,122.97000000000003,growing-my-sunflower,946,9679.921208757907,554,1349,887,SampleFixation,1152.703007448695,416.31826986382094
500,,7,776.97,516,1388,122.97000000000003,growing-my-sunflower,946,9710.988695201464,554,1349,887,SampleGaze,1104.4691778000283,433.53841120542097
501,,7,776.97,516,1388,122.97000000000003,growing-my-sunflower,946,9743.30094838317,554,1349,887,SampleGaze,976.3979896734409,506.4208291015373
502,,7,776.97,516,1388,122.97000000000003,growing-my-sunflower,946,9776.060012711561,554,1349,887,SampleGaze,900.07298340769,682.4901132681664
503,,7,776.97,516,1388,122.97000000000003,growing-my-sunflower,946,9807.954777873587,554,1349,887,SampleGaze,815.6153267005889,860.6104519958124
505,,7,776.97,516,1388,122.97000000000003,growing-my-sunflower,946,9839.06954785937,554,1349,887,SampleGaze,812.0375732523435,855.6378369158608
